{
  "v": "5.1.1",
  "fr": 60,
  "ip": 0,
  "op": 360,
  "w": 400,
  "h": 400,
  "nm": "Composição 1",
  "ddd": 0,
  "assets": [],
  "layers": [
    {
      "ddd": 0,
      "ind": 1,
      "ty": 4,
      "nm": "Line",
      "sr": 1,
      "ks": {
        "o": {
          "a": 0,
          "k": 100,
          "ix": 11
        },
        "r": {
          "a": 0,
          "k": 0,
          "ix": 10
        },
        "p": {
          "a": 0,
          "k": [
            217,
            184.5,
            0
          ],
          "ix": 2
        },
        "a": {
          "a": 0,
          "k": [
            127,
            158.5,
            0
          ],
          "ix": 1
        },
        "s": {
          "a": 0,
          "k": [
            100,
            100,
            100
          ],
          "ix": 6
        }
      },
      "ao": 0,
      "shapes": [
        {
          "ty": "gr",
          "it": [
            {
              "ind": 0,
              "ty": "sh",
              "ix": 1,
              "ks": {
                "a": 0,
                "k": {
                  "i": [
                    [
                      0,
                      0
                    ],
                    [
                      0,
                      0
                    ]
                  ],
                  "o": [
                    [
                      0,
                      0
                    ],
                    [
                      0,
                      0
                    ]
                  ],
                  "v": [
                    [
                      253.5,
                      0.5
                    ],
                    [
                      0.5,
                      316.5
                    ]
                  ],
                  "c": false
                },
                "ix": 2
              },
              "nm": "Caminho 1",
              "mn": "ADBE Vector Shape - Group",
              "hd": false
            },
            {
              "ty": "tm",
              "s": {
                "a": 1,
                "k": [
                  {
                    "i": {
                      "x": [
                        0.833
                      ],
                      "y": [
                        0.833
                      ]
                    },
                    "o": {
                      "x": [
                        0.167
                      ],
                      "y": [
                        0.167
                      ]
                    },
                    "n": [
                      "0p833_0p833_0p167_0p167"
                    ],
                    "t": 190,
                    "s": [
                      0
                    ],
                    "e": [
                      100
                    ]
                  },
                  {
                    "t": 210
                  }
                ],
                "ix": 1
              },
              "e": {
                "a": 0,
                "k": 0,
                "ix": 2
              },
              "o": {
                "a": 0,
                "k": 0,
                "ix": 3
              },
              "m": 1,
              "ix": 2,
              "nm": "Aparar caminhos 1",
              "mn": "ADBE Vector Filter - Trim",
              "hd": false
            },
            {
              "ty": "st",
              "c": {
                "a": 0,
                "k": [
                  0.912683844566,
                  0.301613509655,
                  0.301613509655,
                  1
                ],
                "ix": 3
              },
              "o": {
                "a": 0,
                "k": 100,
                "ix": 4
              },
              "w": {
                "a": 0,
                "k": 20,
                "ix": 5
              },
              "lc": 2,
              "lj": 2,
              "nm": "Traçado 1",
              "mn": "ADBE Vector Graphic - Stroke",
              "hd": false
            },
            {
              "ty": "tr",
              "p": {
                "a": 0,
                "k": [
                  0,
                  0
                ],
                "ix": 2
              },
              "a": {
                "a": 0,
                "k": [
                  0,
                  0
                ],
                "ix": 1
              },
              "s": {
                "a": 0,
                "k": [
                  100,
                  100
                ],
                "ix": 3
              },
              "r": {
                "a": 0,
                "k": 0,
                "ix": 6
              },
              "o": {
                "a": 0,
                "k": 100,
                "ix": 7
              },
              "sk": {
                "a": 0,
                "k": 0,
                "ix": 4
              },
              "sa": {
                "a": 0,
                "k": 0,
                "ix": 5
              },
              "nm": "Transformar"
            }
          ],
          "nm": "Grupo 1",
          "np": 3,
          "cix": 2,
          "ix": 1,
          "mn": "ADBE Vector Group",
          "hd": false
        }
      ],
      "ip": 0,
      "op": 360,
      "st": 0,
      "bm": 0
    },
    {
      "ddd": 0,
      "ind": 2,
      "ty": 4,
      "nm": "XMLID_359_",
      "sr": 1,
      "ks": {
        "o": {
          "a": 0,
          "k": 100,
          "ix": 11
        },
        "r": {
          "a": 0,
          "k": 0,
          "ix": 10
        },
        "p": {
          "a": 0,
          "k": [
            199.9,
            105.883,
            0
          ],
          "ix": 2
        },
        "a": {
          "a": 0,
          "k": [
            194.9,
            58.173,
            0
          ],
          "ix": 1
        },
        "s": {
          "a": 0,
          "k": [
            100,
            100,
            100
          ],
          "ix": 6
        }
      },
      "ao": 0,
      "shapes": [
        {
          "ty": "gr",
          "it": [
            {
              "ind": 0,
              "ty": "sh",
              "ix": 1,
              "ks": {
                "a": 0,
                "k": {
                  "i": [
                    [
                      8.75,
                      8.77
                    ],
                    [
                      71.15,
                      0
                    ],
                    [
                      50.3,
                      -50.32
                    ],
                    [
                      -8.76,
                      -8.76
                    ],
                    [
                      -5.74,
                      0
                    ],
                    [
                      -4.37,
                      4.38
                    ],
                    [
                      -59.15,
                      0
                    ],
                    [
                      -41.82,
                      -41.84
                    ],
                    [
                      -8.77,
                      8.75
                    ]
                  ],
                  "o": [
                    [
                      -50.3,
                      -50.32
                    ],
                    [
                      -71.16,
                      0
                    ],
                    [
                      -8.76,
                      8.77
                    ],
                    [
                      4.39,
                      4.38
                    ],
                    [
                      5.75,
                      0
                    ],
                    [
                      41.82,
                      -41.84
                    ],
                    [
                      59.15,
                      0
                    ],
                    [
                      8.76,
                      8.77
                    ],
                    [
                      8.77,
                      -8.77
                    ]
                  ],
                  "v": [
                    [
                      383.24,
                      78.02
                    ],
                    [
                      194.91,
                      0
                    ],
                    [
                      6.57,
                      78.02
                    ],
                    [
                      6.57,
                      109.77
                    ],
                    [
                      22.45,
                      116.34
                    ],
                    [
                      38.32,
                      109.77
                    ],
                    [
                      194.91,
                      44.9
                    ],
                    [
                      351.48,
                      109.77
                    ],
                    [
                      383.22,
                      109.78
                    ]
                  ],
                  "c": true
                },
                "ix": 2
              },
              "nm": "Caminho 1",
              "mn": "ADBE Vector Shape - Group",
              "hd": false
            },
            {
              "ty": "fl",
              "c": {
                "a": 1,
                "k": [
                  {
                    "i": {
                      "x": [
                        0.833
                      ],
                      "y": [
                        0.833
                      ]
                    },
                    "o": {
                      "x": [
                        0.167
                      ],
                      "y": [
                        0.167
                      ]
                    },
                    "n": [
                      "0p833_0p833_0p167_0p167"
                    ],
                    "t": 90,
                    "s": [
                      0.870588243008,
                      0.870588243008,
                      0.870588243008,
                      1
                    ],
                    "e": [
                      0,
                      0,
                      0,
                      1
                    ]
                  },
                  {
                    "i": {
                      "x": [
                        0.833
                      ],
                      "y": [
                        0.833
                      ]
                    },
                    "o": {
                      "x": [
                        0.167
                      ],
                      "y": [
                        0.167
                      ]
                    },
                    "n": [
                      "0p833_0p833_0p167_0p167"
                    ],
                    "t": 120,
                    "s": [
                      0,
                      0,
                      0,
                      1
                    ],
                    "e": [
                      0,
                      0,
                      0,
                      1
                    ]
                  },
                  {
                    "i": {
                      "x": [
                        0.833
                      ],
                      "y": [
                        0.833
                      ]
                    },
                    "o": {
                      "x": [
                        0.167
                      ],
                      "y": [
                        0.167
                      ]
                    },
                    "n": [
                      "0p833_0p833_0p167_0p167"
                    ],
                    "t": 150,
                    "s": [
                      0,
                      0,
                      0,
                      1
                    ],
                    "e": [
                      0.870588243008,
                      0.870588243008,
                      0.870588243008,
                      1
                    ]
                  },
                  {
                    "t": 160
                  }
                ],
                "ix": 4
              },
              "o": {
                "a": 0,
                "k": 100,
                "ix": 5
              },
              "r": 1,
              "nm": "Preenchimento 1",
              "mn": "ADBE Vector Graphic - Fill",
              "hd": false
            },
            {
              "ty": "tr",
              "p": {
                "a": 0,
                "k": [
                  0,
                  0
                ],
                "ix": 2
              },
              "a": {
                "a": 0,
                "k": [
                  0,
                  0
                ],
                "ix": 1
              },
              "s": {
                "a": 0,
                "k": [
                  100,
                  100
                ],
                "ix": 3
              },
              "r": {
                "a": 0,
                "k": 0,
                "ix": 6
              },
              "o": {
                "a": 0,
                "k": 100,
                "ix": 7
              },
              "sk": {
                "a": 0,
                "k": 0,
                "ix": 4
              },
              "sa": {
                "a": 0,
                "k": 0,
                "ix": 5
              },
              "nm": "Transformar"
            }
          ],
          "nm": "Grupo 1",
          "np": 2,
          "cix": 2,
          "ix": 1,
          "mn": "ADBE Vector Group",
          "hd": false
        }
      ],
      "ip": 0,
      "op": 368,
      "st": 0,
      "bm": 0
    },
    {
      "ddd": 0,
      "ind": 3,
      "ty": 4,
      "nm": "XMLID_360_",
      "sr": 1,
      "ks": {
        "o": {
          "a": 0,
          "k": 100,
          "ix": 11
        },
        "r": {
          "a": 0,
          "k": 0,
          "ix": 10
        },
        "p": {
          "a": 0,
          "k": [
            199.904,
            169.12,
            0
          ],
          "ix": 2
        },
        "a": {
          "a": 0,
          "k": [
            142.514,
            47.32,
            0
          ],
          "ix": 1
        },
        "s": {
          "a": 0,
          "k": [
            100,
            100,
            100
          ],
          "ix": 6
        }
      },
      "ao": 0,
      "shapes": [
        {
          "ty": "gr",
          "it": [
            {
              "ind": 0,
              "ty": "sh",
              "ix": 1,
              "ks": {
                "a": 0,
                "k": {
                  "i": [
                    [
                      51.36,
                      0
                    ],
                    [
                      36.31,
                      -36.31
                    ],
                    [
                      -8.76,
                      -8.76
                    ],
                    [
                      -8.76,
                      8.77
                    ],
                    [
                      -39.36,
                      0
                    ],
                    [
                      -27.82,
                      -27.83
                    ],
                    [
                      -5.72,
                      0
                    ],
                    [
                      -4.38,
                      4.39
                    ],
                    [
                      8.77,
                      8.77
                    ]
                  ],
                  "o": [
                    [
                      -51.36,
                      0
                    ],
                    [
                      -8.76,
                      8.77
                    ],
                    [
                      8.78,
                      8.77
                    ],
                    [
                      27.83,
                      -27.83
                    ],
                    [
                      39.35,
                      0
                    ],
                    [
                      4.39,
                      4.39
                    ],
                    [
                      5.76,
                      0
                    ],
                    [
                      8.77,
                      -8.76
                    ],
                    [
                      -36.31,
                      -36.31
                    ]
                  ],
                  "v": [
                    [
                      142.52,
                      0
                    ],
                    [
                      6.57,
                      56.31
                    ],
                    [
                      6.57,
                      88.06
                    ],
                    [
                      38.32,
                      88.06
                    ],
                    [
                      142.52,
                      44.9
                    ],
                    [
                      246.7,
                      88.06
                    ],
                    [
                      262.57,
                      94.64
                    ],
                    [
                      278.45,
                      88.06
                    ],
                    [
                      278.45,
                      56.31
                    ]
                  ],
                  "c": true
                },
                "ix": 2
              },
              "nm": "Caminho 1",
              "mn": "ADBE Vector Shape - Group",
              "hd": false
            },
            {
              "ty": "fl",
              "c": {
                "a": 1,
                "k": [
                  {
                    "i": {
                      "x": [
                        0.833
                      ],
                      "y": [
                        0.833
                      ]
                    },
                    "o": {
                      "x": [
                        0.167
                      ],
                      "y": [
                        0.167
                      ]
                    },
                    "n": [
                      "0p833_0p833_0p167_0p167"
                    ],
                    "t": 60,
                    "s": [
                      0.870588243008,
                      0.870588243008,
                      0.870588243008,
                      1
                    ],
                    "e": [
                      0,
                      0,
                      0,
                      1
                    ]
                  },
                  {
                    "i": {
                      "x": [
                        0.833
                      ],
                      "y": [
                        0.833
                      ]
                    },
                    "o": {
                      "x": [
                        0.167
                      ],
                      "y": [
                        0.167
                      ]
                    },
                    "n": [
                      "0p833_0p833_0p167_0p167"
                    ],
                    "t": 90,
                    "s": [
                      0,
                      0,
                      0,
                      1
                    ],
                    "e": [
                      0,
                      0,
                      0,
                      1
                    ]
                  },
                  {
                    "i": {
                      "x": [
                        0.833
                      ],
                      "y": [
                        0.833
                      ]
                    },
                    "o": {
                      "x": [
                        0.167
                      ],
                      "y": [
                        0.167
                      ]
                    },
                    "n": [
                      "0p833_0p833_0p167_0p167"
                    ],
                    "t": 150,
                    "s": [
                      0,
                      0,
                      0,
                      1
                    ],
                    "e": [
                      0,
                      0,
                      0,
                      1
                    ]
                  },
                  {
                    "i": {
                      "x": [
                        0.833
                      ],
                      "y": [
                        0.833
                      ]
                    },
                    "o": {
                      "x": [
                        0.167
                      ],
                      "y": [
                        0.167
                      ]
                    },
                    "n": [
                      "0p833_0p833_0p167_0p167"
                    ],
                    "t": 160,
                    "s": [
                      0,
                      0,
                      0,
                      1
                    ],
                    "e": [
                      0.870588243008,
                      0.870588243008,
                      0.870588243008,
                      1
                    ]
                  },
                  {
                    "t": 170
                  }
                ],
                "ix": 4
              },
              "o": {
                "a": 0,
                "k": 100,
                "ix": 5
              },
              "r": 1,
              "nm": "Preenchimento 1",
              "mn": "ADBE Vector Graphic - Fill",
              "hd": false
            },
            {
              "ty": "tr",
              "p": {
                "a": 0,
                "k": [
                  0,
                  0
                ],
                "ix": 2
              },
              "a": {
                "a": 0,
                "k": [
                  0,
                  0
                ],
                "ix": 1
              },
              "s": {
                "a": 0,
                "k": [
                  100,
                  100
                ],
                "ix": 3
              },
              "r": {
                "a": 0,
                "k": 0,
                "ix": 6
              },
              "o": {
                "a": 0,
                "k": 100,
                "ix": 7
              },
              "sk": {
                "a": 0,
                "k": 0,
                "ix": 4
              },
              "sa": {
                "a": 0,
                "k": 0,
                "ix": 5
              },
              "nm": "Transformar"
            }
          ],
          "nm": "Grupo 1",
          "np": 2,
          "cix": 2,
          "ix": 1,
          "mn": "ADBE Vector Group",
          "hd": false
        }
      ],
      "ip": 0,
      "op": 368,
      "st": 0,
      "bm": 0
    },
    {
      "ddd": 0,
      "ind": 4,
      "ty": 4,
      "nm": "XMLID_361_",
      "sr": 1,
      "ks": {
        "o": {
          "a": 0,
          "k": 100,
          "ix": 11
        },
        "r": {
          "a": 0,
          "k": 0,
          "ix": 10
        },
        "p": {
          "a": 0,
          "k": [
            199.914,
            232.215,
            0
          ],
          "ix": 2
        },
        "a": {
          "a": 0,
          "k": [
            90.244,
            36.495,
            0
          ],
          "ix": 1
        },
        "s": {
          "a": 0,
          "k": [
            100,
            100,
            100
          ],
          "ix": 6
        }
      },
      "ao": 0,
      "shapes": [
        {
          "ty": "gr",
          "it": [
            {
              "ind": 0,
              "ty": "sh",
              "ix": 1,
              "ks": {
                "a": 0,
                "k": {
                  "i": [
                    [
                      31.6,
                      0
                    ],
                    [
                      22.33,
                      -22.35
                    ],
                    [
                      -8.77,
                      -8.76
                    ],
                    [
                      -8.78,
                      8.77
                    ],
                    [
                      -19.62,
                      0
                    ],
                    [
                      -13.86,
                      -13.87
                    ],
                    [
                      -5.72,
                      0
                    ],
                    [
                      -4.38,
                      4.39
                    ],
                    [
                      8.78,
                      8.77
                    ]
                  ],
                  "o": [
                    [
                      -31.6,
                      0
                    ],
                    [
                      -8.77,
                      8.77
                    ],
                    [
                      8.77,
                      8.77
                    ],
                    [
                      13.85,
                      -13.87
                    ],
                    [
                      19.62,
                      0
                    ],
                    [
                      4.39,
                      4.39
                    ],
                    [
                      5.76,
                      0
                    ],
                    [
                      8.78,
                      -8.76
                    ],
                    [
                      -22.33,
                      -22.35
                    ]
                  ],
                  "v": [
                    [
                      90.24,
                      0
                    ],
                    [
                      6.58,
                      34.66
                    ],
                    [
                      6.58,
                      66.41
                    ],
                    [
                      38.33,
                      66.41
                    ],
                    [
                      90.24,
                      44.9
                    ],
                    [
                      142.16,
                      66.41
                    ],
                    [
                      158.03,
                      72.99
                    ],
                    [
                      173.9,
                      66.41
                    ],
                    [
                      173.9,
                      34.66
                    ]
                  ],
                  "c": true
                },
                "ix": 2
              },
              "nm": "Caminho 1",
              "mn": "ADBE Vector Shape - Group",
              "hd": false
            },
            {
              "ty": "fl",
              "c": {
                "a": 1,
                "k": [
                  {
                    "i": {
                      "x": [
                        0.833
                      ],
                      "y": [
                        0.833
                      ]
                    },
                    "o": {
                      "x": [
                        0.167
                      ],
                      "y": [
                        0.167
                      ]
                    },
                    "n": [
                      "0p833_0p833_0p167_0p167"
                    ],
                    "t": 30,
                    "s": [
                      0.870588243008,
                      0.870588243008,
                      0.870588243008,
                      1
                    ],
                    "e": [
                      0,
                      0,
                      0,
                      1
                    ]
                  },
                  {
                    "i": {
                      "x": [
                        0.833
                      ],
                      "y": [
                        0.833
                      ]
                    },
                    "o": {
                      "x": [
                        0.167
                      ],
                      "y": [
                        0.167
                      ]
                    },
                    "n": [
                      "0p833_0p833_0p167_0p167"
                    ],
                    "t": 60,
                    "s": [
                      0,
                      0,
                      0,
                      1
                    ],
                    "e": [
                      0,
                      0,
                      0,
                      1
                    ]
                  },
                  {
                    "i": {
                      "x": [
                        0.833
                      ],
                      "y": [
                        0.833
                      ]
                    },
                    "o": {
                      "x": [
                        0.167
                      ],
                      "y": [
                        0.167
                      ]
                    },
                    "n": [
                      "0p833_0p833_0p167_0p167"
                    ],
                    "t": 150,
                    "s": [
                      0,
                      0,
                      0,
                      1
                    ],
                    "e": [
                      0,
                      0,
                      0,
                      1
                    ]
                  },
                  {
                    "i": {
                      "x": [
                        0.833
                      ],
                      "y": [
                        0.833
                      ]
                    },
                    "o": {
                      "x": [
                        0.167
                      ],
                      "y": [
                        0.167
                      ]
                    },
                    "n": [
                      "0p833_0p833_0p167_0p167"
                    ],
                    "t": 170,
                    "s": [
                      0,
                      0,
                      0,
                      1
                    ],
                    "e": [
                      0.870588243008,
                      0.870588243008,
                      0.870588243008,
                      1
                    ]
                  },
                  {
                    "t": 180
                  }
                ],
                "ix": 4
              },
              "o": {
                "a": 0,
                "k": 100,
                "ix": 5
              },
              "r": 1,
              "nm": "Preenchimento 1",
              "mn": "ADBE Vector Graphic - Fill",
              "hd": false
            },
            {
              "ty": "tr",
              "p": {
                "a": 0,
                "k": [
                  0,
                  0
                ],
                "ix": 2
              },
              "a": {
                "a": 0,
                "k": [
                  0,
                  0
                ],
                "ix": 1
              },
              "s": {
                "a": 0,
                "k": [
                  100,
                  100
                ],
                "ix": 3
              },
              "r": {
                "a": 0,
                "k": 0,
                "ix": 6
              },
              "o": {
                "a": 0,
                "k": 100,
                "ix": 7
              },
              "sk": {
                "a": 0,
                "k": 0,
                "ix": 4
              },
              "sa": {
                "a": 0,
                "k": 0,
                "ix": 5
              },
              "nm": "Transformar"
            }
          ],
          "nm": "Grupo 1",
          "np": 2,
          "cix": 2,
          "ix": 1,
          "mn": "ADBE Vector Group",
          "hd": false
        }
      ],
      "ip": 0,
      "op": 368,
      "st": 0,
      "bm": 0
    },
    {
      "ddd": 0,
      "ind": 5,
      "ty": 4,
      "nm": "XMLID_362_",
      "sr": 1,
      "ks": {
        "o": {
          "a": 0,
          "k": 100,
          "ix": 11
        },
        "r": {
          "a": 0,
          "k": 0,
          "ix": 10
        },
        "p": {
          "a": 0,
          "k": [
            199.905,
            314.064,
            0
          ],
          "ix": 2
        },
        "a": {
          "a": 0,
          "k": [
            38.355,
            38.354,
            0
          ],
          "ix": 1
        },
        "s": {
          "a": 0,
          "k": [
            100,
            100,
            100
          ],
          "ix": 6
        }
      },
      "ao": 0,
      "shapes": [
        {
          "ty": "gr",
          "it": [
            {
              "ind": 0,
              "ty": "sh",
              "ix": 1,
              "ks": {
                "a": 0,
                "k": {
                  "i": [
                    [
                      14.98,
                      -14.97
                    ],
                    [
                      -14.97,
                      -14.97
                    ],
                    [
                      -14.98,
                      14.98
                    ],
                    [
                      14.97,
                      14.98
                    ]
                  ],
                  "o": [
                    [
                      -14.97,
                      14.98
                    ],
                    [
                      14.98,
                      14.98
                    ],
                    [
                      14.97,
                      -14.97
                    ],
                    [
                      -14.98,
                      -14.97
                    ]
                  ],
                  "v": [
                    [
                      11.23,
                      11.23
                    ],
                    [
                      11.23,
                      65.47
                    ],
                    [
                      65.48,
                      65.47
                    ],
                    [
                      65.48,
                      11.23
                    ]
                  ],
                  "c": true
                },
                "ix": 2
              },
              "nm": "Caminho 1",
              "mn": "ADBE Vector Shape - Group",
              "hd": false
            },
            {
              "ty": "fl",
              "c": {
                "a": 1,
                "k": [
                  {
                    "i": {
                      "x": [
                        0.833
                      ],
                      "y": [
                        0.833
                      ]
                    },
                    "o": {
                      "x": [
                        0.167
                      ],
                      "y": [
                        0.167
                      ]
                    },
                    "n": [
                      "0p833_0p833_0p167_0p167"
                    ],
                    "t": 0,
                    "s": [
                      0.870588243008,
                      0.870588243008,
                      0.870588243008,
                      1
                    ],
                    "e": [
                      0,
                      0,
                      0,
                      1
                    ]
                  },
                  {
                    "i": {
                      "x": [
                        0.833
                      ],
                      "y": [
                        0.833
                      ]
                    },
                    "o": {
                      "x": [
                        0.167
                      ],
                      "y": [
                        0.167
                      ]
                    },
                    "n": [
                      "0p833_0p833_0p167_0p167"
                    ],
                    "t": 30,
                    "s": [
                      0,
                      0,
                      0,
                      1
                    ],
                    "e": [
                      0,
                      0,
                      0,
                      1
                    ]
                  },
                  {
                    "i": {
                      "x": [
                        0.833
                      ],
                      "y": [
                        0.833
                      ]
                    },
                    "o": {
                      "x": [
                        0.167
                      ],
                      "y": [
                        0.167
                      ]
                    },
                    "n": [
                      "0p833_0p833_0p167_0p167"
                    ],
                    "t": 150,
                    "s": [
                      0,
                      0,
                      0,
                      1
                    ],
                    "e": [
                      0,
                      0,
                      0,
                      1
                    ]
                  },
                  {
                    "i": {
                      "x": [
                        0.833
                      ],
                      "y": [
                        0.833
                      ]
                    },
                    "o": {
                      "x": [
                        0.167
                      ],
                      "y": [
                        0.167
                      ]
                    },
                    "n": [
                      "0p833_0p833_0p167_0p167"
                    ],
                    "t": 180,
                    "s": [
                      0,
                      0,
                      0,
                      1
                    ],
                    "e": [
                      0.870588243008,
                      0.870588243008,
                      0.870588243008,
                      1
                    ]
                  },
                  {
                    "t": 190
                  }
                ],
                "ix": 4
              },
              "o": {
                "a": 0,
                "k": 100,
                "ix": 5
              },
              "r": 1,
              "nm": "Preenchimento 1",
              "mn": "ADBE Vector Graphic - Fill",
              "hd": false
            },
            {
              "ty": "tr",
              "p": {
                "a": 0,
                "k": [
                  0,
                  0
                ],
                "ix": 2
              },
              "a": {
                "a": 0,
                "k": [
                  0,
                  0
                ],
                "ix": 1
              },
              "s": {
                "a": 0,
                "k": [
                  100,
                  100
                ],
                "ix": 3
              },
              "r": {
                "a": 0,
                "k": 0,
                "ix": 6
              },
              "o": {
                "a": 0,
                "k": 100,
                "ix": 7
              },
              "sk": {
                "a": 0,
                "k": 0,
                "ix": 4
              },
              "sa": {
                "a": 0,
                "k": 0,
                "ix": 5
              },
              "nm": "Transformar"
            }
          ],
          "nm": "Grupo 1",
          "np": 2,
          "cix": 2,
          "ix": 1,
          "mn": "ADBE Vector Group",
          "hd": false
        }
      ],
      "ip": 0,
      "op": 368,
      "st": 0,
      "bm": 0
    }
  ],
  "markers": []
}